last_name,first_name,dob
Benjamin,Hugh,1947-10-12
Mooney,Maribel,1944-04-05
Morales,Dino,1946-09-18
Woods,Stacie,1941-01-31
Giles,Milan,2012-09-04
Best,Esteban,2015-04-06
Montoya,Jenifer,1945-01-20
Morin,Nick,2010-06-04
Ellison,Ivan,1959-02-25
Moreno,Stefan,2002-02-02
Harrington,Jackson,1975-01-09
Boone,Randell,2012-01-26
Mathews,Blake,1979-01-22
Elkins,Rob,1960-01-23
Pope,Gus,2001-03-17
Gardner,Eloise,1955-01-17
Sargent,Callie,1974-12-15
Snyder,Concetta,2008-10-01
Wallace,Stacy,2002-06-30
Serrano,Clint,1955-11-29
Noble,Lindsey,1983-02-06
Donovan,Cyrus,1960-05-15
Olsen,Camille,1957-01-02
Burks,Jayne,2017-06-26
Wolf,Pam,1943-10-19
Farrell,Johnny,1978-06-30
Nelson,Earline,1991-01-26
Drake,Jeffry,1994-10-27
Underwood,Faith,1995-07-24
Willis,Cleo,1972-07-23
Mcleod,Corey,1992-07-21
Holden,Ines,2000-05-26
Nelson,Aubrey,1978-12-03
Ellison,Theron,2004-07-08
Burgess,Ignacio,1952-02-11
Cordova,Luis,1941-11-24
Lutz,Oren,2000-03-22
Tanner,Deidra,1944-04-05
Albert,Adeline,1975-04-04
Oconnell,Antoinette,1991-10-28
Hayes,Adam,1956-07-17
Emerson,Edwina,1947-07-27
Britt,Sergio,2000-02-27
Riley,Nilda,1943-01-18
Harvey,Carmen,1975-04-06
Guzman,Debby,1945-12-20
Cervantes,Dawn,2007-09-25
Rios,Ila,1957-08-03
Vinson,Alvin,1943-09-22
Townsend,Teodoro,1976-06-22
Minor,Willis,1956-11-21
Downs,Juana,1965-04-14
Bowman,Renee,2010-07-01
Maddox,Hunter,1947-02-10
Glenn,Philip,1991-05-23
Malone,Fausto,1951-12-24
Hammond,Hazel,2000-09-01
Edwards,Jessie,2004-11-16
Moyer,Anibal,1980-11-16
Britt,Lyndon,1941-02-08
Ware,Edith,1952-09-27
Banks,Bryce,1985-06-06
Pierce,Melanie,2008-08-27
Gonzalez,Madge,1965-12-25
Vinson,Tawana,1974-06-02
Floyd,Aileen,1966-10-23
Guthrie,Irma,1992-05-03
Boggs,Annette,1943-09-20
Estes,Elwood,2017-11-12
Lam,Zack,2000-09-16
Stanley,Calvin,1956-07-19
Lopez,Morton,2016-03-26
Stark,Debra,1976-06-01
Johnson,Shon,1990-12-06
Farmer,Rodney,1955-09-21
Sosa,Susana,2001-04-22
Flynn,Clifton,1956-02-14
Hensley,Chi,1989-08-09
Braun,Sebastian,1993-01-13
Baker,Tanisha,1943-08-09
Byers,Nannie,2007-09-01
Pitts,Evelyn,1955-02-26
Rodgers,Franklyn,1952-01-09
Briggs,Adrianne,2011-03-03
Yarbrough,Jeanette,1951-03-10
Vance,Jarvis,1951-02-09
Hendrickson,Carroll,2010-11-25
Long,Lucia,2005-03-29
Matthews,Jena,1962-12-20
Lyon,Lyndon,1980-03-30
Sullivan,Francis,1992-06-20
Yarbrough,Ben,2012-08-06
Lynn,Chong,1978-07-30
Dale,Dalia,1953-08-13
Gallagher,Mercedes,1946-10-31
Corbett,Karl,1941-11-20
Rich,Yvette,1983-03-23
Bunch,Jonas,1971-12-01
Rich,Jessie,1989-04-17
Carroll,Mandy,1999-02-22
Savage,Ulysses,1941-09-04
Mackey,Reed,1940-07-20
Hendrickson,Zackary,1961-04-22
Humphrey,Francis,1987-08-11
Wilder,Sheryl,1971-01-29
Boone,Mia,1946-04-12
Dailey,Thaddeus,1973-02-09
Mccall,Howard,1942-05-19
Mcdaniel,Eugene,1957-01-03
Pryor,Jana,2002-03-03
Ingram,Sydney,1970-02-18
Kennedy,Herb,1977-02-20
Suarez,Marietta,2008-07-04
Holden,Oralia,1946-06-22
Benson,Bessie,1956-12-25
Novak,Julie,1953-07-06
Fernandez,Nolan,1991-07-29
Brown,Alberto,1971-07-11
Burris,Shonda,1981-07-05
Battle,Joesph,2015-07-08
Mathews,Lilly,1955-07-25
Castillo,Hugo,2006-10-08
Mcconnell,Kurt,2004-01-17
Mosley,Gordon,1990-01-05
Dillon,Deena,1999-09-03
Carr,Willard,2002-08-27
Pitts,Lonny,2001-03-05
Watts,Ross,1991-06-05
Hamilton,Iola,1972-12-15
Lopez,Candida,1960-05-08
Cortez,Demetria,1976-02-15
Beach,Nita,1998-02-28
Maloney,Aurelio,1989-02-24
Nichols,Carmen,1969-03-31
Fitzgerald,Shawna,1991-02-21
Travis,Roxanna,2010-05-17
Burton,Pauline,2004-04-05
Spence,Tomas,1970-10-24
Cross,Augusta,1949-02-15
Lopez,Patricia,1992-12-15
Mcfarland,Bette,1992-07-27
Lugo,Liz,1959-02-25
Hooper,Wilbert,1991-08-21
Fitzpatrick,Armando,1986-11-06
Hinkle,Garth,1940-02-29
Allen,Leonard,1946-08-27
Hess,Gwendolyn,2014-02-05
Andrews,Dominic,2012-04-20
Heath,Fidel,1960-08-04
Dale,Jerold,2003-12-05
Wolf,Cedric,1958-01-26
Reyes,Deann,1983-01-14
Yates,Dustin,1941-05-09
Suarez,Juliette,1947-04-04
Blankenship,Gabrielle,1998-01-29
Morrison,Normand,1990-02-20
Koch,Randi,1964-09-08
Emery,Hosea,1966-03-20
Nielsen,Mamie,1981-01-05
Proctor,Faith,1984-04-14
Leonard,James,2012-12-11
Black,Mollie,1968-03-03
Hawkins,Vince,2001-01-19
Nicholson,Jamison,1967-03-07
Avila,Margarita,2005-09-17
Bates,Franklin,2003-06-02
Burch,Jerrold,1948-10-06
Camp,Andrew,1942-07-25
Bass,Betsy,1970-08-25
Kline,Sallie,1983-06-09
Barlow,Cristina,2016-03-27
Walter,Vonda,1948-10-24
Oneill,Susanna,2007-06-03
Burns,Shelton,1982-06-29
Rush,Nancy,2014-10-28
Obrien,Mollie,1979-10-02
Fleming,Miguel,1957-12-03
Galvan,Abe,1999-08-18
Davies,Floyd,1979-03-06
Schroeder,Bryan,2012-11-30
Wolfe,Bryant,2013-03-23
Conrad,Theresa,1953-07-04
Yoder,Deanna,1978-09-07
Flanagan,Santo,1982-06-10
Fleming,Stephen,1950-01-12
Small,Kate,1986-10-23
Donahue,Deanne,1987-04-17
Rosa,Cedrick,1965-06-18
Maxwell,Tammie,1997-02-14
Bolton,Zack,1941-03-03
Lyons,Douglas,1958-06-08
Gross,Bobby,1989-12-07
Lang,Madge,1955-08-21
Sellers,Jamison,2003-03-27
Townsend,Jamie,1989-12-27
Maddox,Cornelius,1991-03-27
Young,Freeman,1957-03-23
Fields,Alvaro,1952-06-21
Roberson,Celia,1943-01-28
Hicks,Mallory,1970-01-10
Rodriquez,Ola,1988-03-31
Doyle,Waylon,1991-11-06
Arrington,Dona,1992-12-06
Ritter,Louis,1971-10-31
Vaughn,Aubrey,1947-07-05
Bowman,Kerry,1951-08-20
Sosa,Christian,2003-04-26
Fitzpatrick,Ruth,1990-01-13
Walsh,Edgardo,1987-06-17
Lee,Miriam,2001-10-26
Randall,Alexis,1996-06-12
Kendall,Clara,1960-02-08
Flowers,Issac,1941-05-24
Delaney,Fanny,1967-05-09
Atkins,Ernestine,1994-11-13
Ratliff,Corine,1986-11-26
Townsend,Crystal,2005-05-07
Nieves,Malik,1989-07-04
Ballard,Sondra,2015-02-27
Dickson,Amber,1954-11-22
Bruce,Camille,1983-02-08
Patel,Bethany,1944-07-07
Price,Elisabeth,2000-08-10
Castillo,Edmundo,1970-12-20
Manuel,Sarah,2007-06-30
Arrington,Gerald,1992-01-05
Connor,German,1955-03-06
Leblanc,Shonda,1991-05-25
Melendez,Vickie,2004-12-05
Walls,Ashlee,1969-02-20
Goins,Kaitlyn,1994-06-17
Garner,Dexter,1959-10-28
Bradshaw,Forrest,1964-04-11
Farrell,Herschel,2007-03-30
Wade,Jamel,1994-12-25
Mitchell,Boris,1958-07-31
Bass,Brandon,1974-03-03
Moreno,Alecia,1989-10-27
Keith,Dewayne,1951-07-18
Porter,Lazaro,2004-09-27
Webb,Rosemarie,2006-01-03
Lockhart,Margarito,1953-11-30
Rosales,Ophelia,2001-10-15
Gary,Johnie,1988-04-22
Vaughan,Marilynn,2006-05-23
Dorsey,Alec,2003-06-29
Owens,Candace,2007-01-02
Pearson,Luann,1957-08-24
Osborn,Dwain,1984-01-29
Cruz,Garry,1981-11-03
Bartlett,Leonel,1965-07-02
Holley,Kirsten,1949-05-14
Bullock,Carly,1958-02-16
Bates,Joan,1984-06-05
Brock,Nathaniel,2016-02-13
Coffey,Gayle,1999-02-26
Quinn,Queen,1945-06-13
Hahn,Amado,1941-02-23
Contreras,Yvonne,1980-04-21
Britton,Gerry,1997-08-20
Poole,Lou,1988-08-24
Levine,Flora,1997-03-10
Estrada,Lawrence,2006-10-13
Burnett,Kareem,1954-06-13
Frye,Nathanial,1977-12-20
Watts,Tamera,2007-11-08
Wilder,Dario,1961-03-26
Velasquez,Jake,1970-06-13
Mack,Dee,2016-01-27
Clemons,Lilia,1987-02-03
Stafford,Carolyn,1982-07-27
Wyatt,Dale,2010-11-15
Everett,Valerie,2004-11-28
Warren,Denise,1940-05-12
Oneal,Cari,1979-08-30
Beck,Tammy,1965-01-27
Roman,Devin,1983-09-08
Randall,Jordan,1949-12-31
Sherman,Santos,1951-11-06
Nelson,Kyle,1967-09-03
Holder,Octavia,2006-07-21
Ayala,Bertie,1947-02-02
Duran,Kylie,1943-11-27
Scott,Cherry,1997-02-04
Strong,Graig,2003-04-05
Dailey,Ericka,1949-09-22
Blanton,Gwendolyn,1944-09-29
Kent,Sallie,1976-11-30
Gallagher,Daniela,1990-06-21
Salazar,Alene,1970-01-19
Powell,Teddy,1942-01-02
Ferrell,Celestine,1983-01-11
Campos,Hattie,1968-01-22
Shea,Clinton,1967-03-20
Hartman,Bradford,1974-02-09
Espinoza,Jamey,1990-03-17
Farrell,Lilian,2002-04-11
Mcghee,Deena,1973-10-27
Hull,Bret,2005-01-14
Britt,Jayne,1970-06-12
Ellison,Leonor,2009-05-16
Ashley,Carrol,1997-02-17
Klein,Murray,2015-06-30
Fox,Stacy,1985-10-19
Obrien,Marie,1974-10-14
Mcfadden,Latanya,2014-03-31
Heard,Nicolas,1949-08-03
Hart,Chance,1946-02-26
Nance,Courtney,1984-10-13
Barrera,Elba,1982-12-02
Nichols,Devon,1969-07-31
Kendrick,Devon,1952-11-03
Jamison,Erasmo,1966-05-27
Spencer,Coleman,2002-07-09
Vang,Bernard,1957-11-20
Craig,Bryan,2010-03-27
Shaw,Travis,1965-06-14
Jennings,Marcos,1979-03-13
Howell,Bennett,1942-03-29
Knight,Marina,2010-08-19
Mason,Sherwood,2001-11-22
Cole,Rodrigo,1976-11-26
Mccann,Edwin,1996-12-29
Pickett,Kira,1963-08-21
Burt,Ismael,1967-11-27
Dalton,Josiah,1941-01-03
Gutierrez,Isreal,1974-06-22
Sosa,Kirby,1983-08-16
Velasquez,Mohammad,2011-10-20
Galvan,Jena,1979-06-26
Hanna,Joanna,1947-01-09
Stephenson,Augustine,1940-02-10
Hensley,Bill,1940-06-11
Hendrix,Joaquin,1993-10-24
Flowers,Vickie,1970-06-26
Gates,Gilda,1962-02-03
Cummings,Flora,2010-06-11
Allen,Colleen,2005-06-13
Archer,Sadie,1993-11-01
Blevins,Bryce,1993-05-15
Chan,Marta,1953-04-27
Britton,Jocelyn,1994-09-03
Gamble,Kris,1982-09-10
Stokes,Tyree,2014-07-04
Powell,Katherine,2010-03-21
Diaz,Franklin,1947-02-08
Moss,Mara,1944-02-06
Garner,Ivy,1966-07-03
Moyer,Tod,2003-09-26
Forrest,Sheena,1995-11-19
Buchanan,Emile,1985-05-26
Hinkle,Celia,1955-11-05
Godfrey,Maurine,2010-10-18
Fuentes,Hobert,2002-06-05
Patterson,Olivia,1941-08-26
Mullins,Tera,1941-12-11
Meyer,Nathanial,1957-01-15
Rasmussen,Antone,1968-06-08
Herron,Michale,1974-02-19
Cowan,Jasper,1940-07-06
Hood,Douglas,1977-08-18
Nance,Leslie,1979-09-08
Rodgers,Hoyt,1985-03-11
Walden,Erik,1999-04-02
Dillon,Imelda,1970-09-04
Warren,Crystal,2003-02-14
Krueger,Gerald,2002-07-01
Carey,Heath,1995-06-20
Rowland,Major,1956-08-20
Lyons,Rosalie,2006-01-17
Young,Santiago,1999-08-31
Ritter,Tyrone,1948-05-24
Fry,Essie,1942-04-27
Hancock,Erlinda,1994-05-18
Cannon,Rebeca,1940-04-29
Bass,Abraham,1982-02-27
Mooney,Naomi,1978-04-21
Fuentes,Vicente,1992-01-16
Mckay,Jenna,1979-03-20
Chan,Denny,1997-07-28
Childress,Pattie,1958-02-22
Whitley,Ray,2003-11-30
Spears,Vince,1943-01-09
Montoya,Rebecca,2006-06-19
Dodson,Brandie,1996-09-14
Kessler,Isabel,2016-02-09
Gilbert,Celia,1982-04-28
Love,Corinne,1979-06-20
Hamilton,Daniel,1958-03-12
Marquez,Estella,1992-05-15
Blanton,Jordan,1940-06-29
Ochoa,Sharlene,1943-07-13
Watts,Josefa,2012-12-22
Mcintosh,Steven,2005-12-06
Morton,Hassan,1940-12-08
Leblanc,Myrtle,1995-02-13
Kramer,Jesse,1944-05-08
Kessler,Terri,1967-03-26
Seymour,Latanya,1990-06-12
Bonner,Esther,1984-01-02
Hayes,Marietta,1965-06-30
Mccullough,Robin,1950-04-09
Hayden,Jospeh,1950-02-21
Russo,Latasha,1945-06-16
Sampson,Timothy,1961-07-23
Albert,Louise,1955-07-01
Byers,Lilia,1992-03-14
Dickinson,Reba,1982-05-24
Magee,Allan,1993-02-21
Pryor,Maryellen,1968-09-07
Fuentes,Cindy,1979-01-23
Hoffman,Diane,2010-12-29
Arrington,Jody,1986-05-03
Martin,Martha,2017-12-05
Aguirre,Wilhelmina,1996-05-29
Riggs,Antoinette,1966-10-23
Molina,Burl,2016-04-10
Mooney,Elijah,1956-07-17
Sinclair,Diana,1974-08-13
Rubio,Lenard,1993-05-28
Johnston,Stevie,1995-07-27
Morton,Barb,1967-10-10
Baird,Becky,1975-05-01
Dixon,Katelyn,1949-04-20
Prince,Flossie,2007-09-02
Cochran,Jayson,1955-06-22
Porter,Kendall,1990-12-18
Levy,Leanne,1940-10-07
Seymour,Germaine,2013-12-02
Reid,Burton,1994-09-30
Chamberlain,Connie,1959-01-08
Talley,Teddy,1955-04-11
Gross,Alta,1957-05-23
Marsh,Lela,1976-09-11
Parsons,Jessica,2001-04-29
Henry,Frieda,1958-12-24
Chavez,Basil,2006-08-15
Robinson,Santiago,1949-12-23
Ross,Marcelino,1946-08-05
Pate,Chadwick,1949-08-10
Velasquez,Charmaine,1988-07-14
Simms,Kerry,2014-09-12
Cook,Cheryl,2011-08-26
Sweeney,Enrique,2001-01-25
Whitaker,Mohamed,1976-05-11
Walton,Jarvis,2003-10-22
Terry,Roseann,1977-06-11
Mccarty,Sun,1964-02-24
Kirk,Sanford,1945-10-27
Finch,Isabelle,1946-08-02
Schmidt,Socorro,1978-01-04
Bailey,Burl,2012-06-24
Bland,Herschel,1987-02-24
Noel,Fred,2009-06-18
Woodward,Fran,1993-01-20
Lane,Leroy,1983-06-20
Webb,Deann,1941-03-28
Richardson,Paul,2006-02-10
Sutton,Jessica,1968-10-03
Bird,Breanna,1947-02-26
Downs,Donnell,1989-07-19
Mclaughlin,Houston,1947-06-13
Burnett,Freeman,2013-03-02
Willis,Edwina,1965-09-16
Mcleod,Orval,1959-01-08
Sargent,Sonny,2008-02-05
Valentine,Francisca,1943-01-27
Bass,Ivan,2014-05-17
Tracy,Christal,1980-09-03
Poole,Lauren,1983-06-06
Wise,Flossie,1964-09-11
Schwartz,Janet,1942-04-10
Chen,Ida,2003-02-22
Wilkinson,Louella,1955-05-24
Glenn,Rebeca,1967-09-30
Ware,Simone,2009-05-19
Fitzpatrick,Nicolas,1965-09-02
Vargas,Lily,2017-03-24
Barlow,Ann,2017-11-26
Byers,Darrell,1946-10-28
Massey,Bruno,1951-07-01
Sandoval,Shelby,1972-06-13
Lyon,William,2000-09-28
Stanton,Bennie,1976-09-29
Hoffman,Althea,2009-03-07
Delarosa,Tiffani,1955-10-22
Rasmussen,Tracie,1945-09-10
Mayes,Lorenzo,2002-01-26
Solis,Wilma,1962-08-07
Hayden,Eli,1966-02-09
Aguirre,Mario,1966-11-07
Patton,Noah,1977-07-16
Garcia,Cristina,1963-06-30
Tatum,Kisha,1960-09-26
Mcintyre,Sophia,1993-11-22
Richardson,Darius,1953-12-01
Morales,Keven,1987-04-07
Austin,Trina,2006-07-08
Ferguson,Dianna,1997-11-24
Waller,Olin,1976-11-27
Romero,Jenifer,2017-01-27
Clemons,Susana,1992-03-15
Moody,Clara,1985-04-22
Chang,Emmanuel,1956-03-29
Frederick,Kris,1957-02-04
Warner,Noble,2013-10-31
Schultz,Tyrell,1991-07-05
Marks,Deborah,2013-02-22
Valentine,Keven,1969-11-19
Hogan,Monica,1992-12-23
Day,Nickolas,2001-05-08
Lucas,Lanny,2015-02-03
Oconnell,Teresita,1976-09-18
Gibbs,Staci,1978-10-20
Le,Modesto,1966-02-14
Morse,Paige,2007-04-01
Gay,Harland,1989-09-26
Franks,Lawerence,2003-12-31
Fuller,Jamey,2009-05-07
Lucero,Eldridge,1942-10-14
Willis,Keith,1990-11-23
Walter,Nellie,1947-12-06
Ballard,Racheal,2011-07-26
Haney,Valerie,1946-02-12
Mckenzie,Billie,1960-01-26
Vance,Thad,2006-10-31
Curtis,Mellisa,1946-08-22
Sexton,Kasey,1999-07-06
Boone,Lynette,2005-12-10
Lane,Marilyn,2003-06-08
Moore,Germaine,1993-06-05
Hoffman,Carey,1975-03-10
Yoder,Lucius,1963-02-13
Maynard,Ilene,1985-01-28
David,Alphonse,1995-10-15
Cook,Jolene,1963-06-08
Hutchinson,Veda,1994-12-15
Hammond,Bernadine,1963-07-01
Osborne,Dee,2017-06-24
Rocha,Kira,1944-04-21
Witt,Erlinda,1975-05-13
Contreras,Beverley,1957-03-11
Shirley,Anastasia,1962-12-30
Holden,Mckinley,1972-07-27
Wilson,Mia,2001-02-07
Barker,Robby,1978-05-30
Mcdowell,Peter,1997-04-15
Navarro,Dianna,1963-12-17
Watts,Jane,1946-10-05
Haas,India,1948-03-03
Glenn,Isabelle,1985-01-29
Mendoza,Vida,2007-11-30
Porter,Raymond,1945-05-24
Greene,Colin,1942-08-02
Cote,Lynda,1965-03-30
Villanueva,Tyler,2009-09-26
Corbett,Jason,1951-06-28
Dawson,Robert,1976-11-14
Duke,Columbus,1942-06-26
Cramer,Jeanie,1947-02-03
Davis,Natasha,1961-05-24
Drake,Kendall,1949-10-19
Russell,Hassan,1984-03-06
Everett,Madonna,1990-02-21
Jimenez,Vida,1968-08-13
Buchanan,Eugene,1950-07-18
Orr,Cecil,2009-09-05
Durham,Jackie,2003-10-14
Mason,Cruz,1991-12-02
Marks,Evan,1959-07-11
Freeman,Courtney,1996-01-26
Sawyer,Sallie,1956-01-06
Hill,Gayle,1960-03-26
Jefferson,Barb,1947-01-06
Samuels,Chad,2014-04-04
Good,Hannah,1979-08-26
Mcintosh,Marian,1963-05-08
Delaney,Zoila,1966-10-29
Barrett,Kimberlee,1949-05-01
Jimenez,Val,1995-07-18
Crum,Bennie,1959-01-16
Kent,Clarissa,1970-04-03
Reyes,Britt,1969-12-09
Field,Wade,2017-02-11
Duffy,Verda,2012-04-17
Saunders,Melinda,1971-10-10
Forbes,Les,1988-03-25
Mccabe,Julian,1947-04-20
Reyes,Lorraine,2004-06-06
Pagan,Adam,1975-02-16
Lara,Faith,1947-04-25
Valdez,Blanche,1944-04-26
Haas,Jesse,2005-02-21
Bauer,Loren,1948-03-26
Mccall,Francine,1950-02-22
Haley,Refugio,2002-04-15
Lehman,Rhett,1964-12-03
Mendoza,Thelma,1996-03-26
Roberts,Walter,1948-12-26
Vinson,Elise,1943-01-26
Zamora,Jan,1976-02-11
Stephenson,Earline,1988-12-31
Nunez,Roosevelt,1950-08-29
Mccall,Allen,1991-05-01
Perez,Yong,1993-07-30
Moss,Eva,1974-06-07
Smart,Cherie,2001-06-20
Romero,Sonia,1990-08-03
Monroe,Earlene,1964-08-25
Guy,Ronda,1991-04-21
Alford,Katina,1987-05-25
Barron,Misty,1949-07-25
Reilly,Corey,1945-07-27
Patel,John,1998-06-05
Peck,Dionne,1974-03-21
Colon,Juana,1956-06-25
Willis,Pete,1975-03-11
Petty,Vincent,1980-03-21
Davidson,Sarah,1949-11-26
Brady,Shannon,1951-10-05
Sheppard,Mervin,1980-09-02
Dillard,Lucille,1952-03-15
Monroe,Aurora,2013-04-06
Pennington,Irma,1984-08-28
Delarosa,Dina,1990-06-14
Thompson,Chris,1969-11-02
Sanchez,Tom,1991-02-01
Camacho,Haley,2000-12-05
Cantrell,Johnie,1996-04-09
Barker,Luigi,2011-06-16
Haley,Jane,1963-05-31
Valentine,Jake,1962-10-23
Nance,Brenton,1956-07-24
Goodman,Katina,2006-11-12
Alvarez,Morgan,1978-03-05
Santana,Ava,1984-09-30
Holloway,Maude,1946-10-10
Nance,Jere,1992-01-25
Newton,Rayford,1949-06-21
Rosado,Lorrie,1979-09-18
Maldonado,Ashleigh,2002-12-30
Suarez,Candace,1962-05-05
Crawford,Long,1990-01-08
Faulkner,Ralph,1989-07-01
Gamble,Theo,1987-08-23
Beasley,Myron,1988-07-08
Atkins,Lucio,1947-10-15
Cantu,Shawn,1990-04-14
Robinson,Deidre,2006-01-07
Bradshaw,Julian,2011-05-29
Dickinson,Cathleen,1967-08-18
Klein,Ericka,1985-05-22
Shields,India,2013-09-13
Hendricks,Aisha,1996-06-08
Macias,Miranda,1996-10-29
Garza,Irvin,1980-03-07
Berry,Claire,1962-09-09
Reese,Ian,2009-05-31
Reed,Saundra,1950-04-30
Hull,Vanessa,2008-02-22
Proctor,Miguel,1965-12-19
Garcia,Eve,1982-06-25
Combs,Mauricio,1948-12-20
Adams,Pauline,2015-04-04
Patton,Iris,1986-07-16
Sparks,Jaclyn,1941-05-03
Foley,Viola,2002-01-26
Fleming,Noah,2009-03-17
Whitehead,Rupert,1969-05-26
Holcomb,Emmett,1971-04-30
Cunningham,Len,1999-03-06
Phelps,Stacey,1964-03-27
Robertson,Jospeh,2011-05-26
Ervin,Jerrod,1952-12-21
Beck,Courtney,2003-06-15
Blue,Eugenio,1951-06-07
Dodd,Karin,1957-08-17
Ferguson,Perry,1987-07-27
Kerr,Brigitte,1975-04-14
Craig,Josue,1993-11-18
Quinones,Marshall,1965-07-02
Schroeder,Gaylord,2007-07-11
Chavez,Annetta,1954-11-18
Estrada,Malcom,2010-11-05
Obrien,Leora,1998-03-01
Frost,Jerald,1994-02-14
Morrow,Cari,1997-09-09
Peck,Donnie,2002-02-17
Whitaker,Chase,2006-05-14
Ryan,Dave,1946-07-07
Jacobson,Perry,1998-03-08
Frederick,Suzan,1943-11-29
Brady,Floyd,1971-03-09
Roth,Bradley,1977-01-16
Rocha,Susan,1943-05-02
Kirkland,Elisabeth,1992-12-25
Bolden,Fernando,1979-10-30
Savage,Tillie,1942-07-30
Bright,Jamie,1977-09-11
Horne,Rosemary,2016-03-01
Quinones,Ester,1965-05-05
Moran,Noelle,1957-01-29
Craft,Bert,2009-11-13
Peters,Latanya,1941-08-25
Boggs,Victor,1955-03-30
Briggs,Jillian,1982-12-31
Talley,Juliet,1946-10-30
Bruce,Broderick,2012-05-03
Deleon,Kelvin,1952-01-06
Robles,Cassie,2015-02-19
Good,Bryce,2012-03-27
Craft,Martha,1974-10-18
Harris,Darrel,1971-05-05
Cline,Abraham,1953-11-27
Villanueva,Ronnie,1942-06-05
Hayes,Joaquin,1968-06-04
Fuller,Nichole,1960-06-09
Rollins,Cyrus,1955-09-29
Charles,Vicki,1976-06-01
Frazier,Cornell,1946-02-21
Hood,Allie,1970-07-03
Odell,Jacob,1949-04-01
Harper,Jonathan,1943-03-07
Hickman,Karrie,1989-10-20
Ramsey,Santo,1980-08-03
Whitehead,Gina,1975-04-11
Valentine,Branden,2011-05-03
Felix,Blake,1970-02-20
Tucker,Murray,1992-06-11
Vega,Helen,1961-10-12
Lutz,Flossie,1977-09-12
Conway,Louie,1980-06-10
Harvey,Lonny,2003-08-07
Kennedy,Marian,2002-07-05
Morrison,Trina,1997-08-26
Mills,Jewel,1947-06-26
Kirk,Pansy,2013-03-05
Hollis,Barney,1977-07-12
Everett,Rodrigo,1980-04-23
Callahan,Kory,1978-05-06
Harmon,Sonja,1944-03-12
Ellison,Kenneth,2010-07-20
Tyson,Jeannie,1957-07-16
Langley,Percy,1981-03-02
Haley,Mercedes,1991-12-03
Mckay,Isaac,1949-12-06
Aguilar,Marco,1947-04-25
Pitts,Sol,1944-06-12
Caldwell,Logan,1981-09-29
Howard,Margret,1941-02-09
Davis,Bethany,1991-11-15
Ellis,Johnathon,2014-07-15
Calhoun,Lucien,2017-04-23
Chambers,Blake,2005-10-11
Spivey,Susie,1999-07-16
Fulton,Freddie,1962-10-31
Dotson,Pete,2004-02-12
Springer,Tod,1951-01-09
Roth,Fletcher,2007-01-15
Ortega,Sherman,2001-09-20
Mejia,Annetta,1979-07-26
Chamberlain,Dara,1990-01-07
Heath,Jerri,1971-02-19
Dean,Terence,1960-05-09
Williams,Samuel,1945-08-11
Nolan,Oswaldo,2011-10-02
Crosby,Ernestine,1987-01-10
Mccarthy,Kristina,1941-08-28
Long,Brittany,1999-12-18
Farmer,Sherwood,1980-12-28
Hayden,Bobbie,1946-06-30
Wright,Karla,1944-06-03
Crawford,Johnathon,1948-03-04
Haley,Kris,1967-10-16
Bright,Charlie,1964-06-19
Barber,Gabriela,2017-03-27
Velazquez,Lyn,2010-01-09
Chavez,Ulysses,1993-02-04
Wiggins,Dwain,1957-10-15
Jordan,Heidi,2013-12-20
Cameron,Leeann,1993-11-28
Kidd,Belinda,1951-03-26
Mcconnell,Major,2003-05-25
Faulkner,Chung,1987-02-12
Beatty,Doris,2005-09-07
Dunlap,Derick,1976-10-17
Mcconnell,Sydney,2012-11-22
Mcintosh,Bennett,2011-09-08
Gates,Clark,2012-08-13
Day,Colette,1978-08-13
Martin,Lina,1988-04-05
Douglas,Cleveland,1965-07-29
Santos,Elaine,1949-03-31
Martinez,Cleveland,2015-01-14
Russell,Boyd,2005-07-09
Hastings,Denver,1992-10-20
Wilkins,Ivette,2013-02-17
Bradshaw,Patti,2010-09-30
Clarke,Shelia,2013-12-23
Herbert,Eleanore,1945-04-25
Fulton,Manuel,1952-02-27
Yarbrough,Tori,1998-08-22
Kline,Barbra,2002-10-18
Trevino,Deann,1993-11-15
Pitts,Rolando,1958-08-31
Lyon,Lauren,1996-06-29
Daniels,Danial,1970-06-05
Dillon,Cedric,1977-07-07
Rollins,Adrienne,1987-01-25
Walker,Silvia,1952-01-11
Dixon,Candy,1943-12-07
Bland,Earle,1992-11-22
Larson,Bertram,2014-07-06
Tillman,Valerie,1998-03-31
Austin,Victor,1980-08-01
Field,Edmond,1980-06-19
Gilliam,Iva,1998-11-07
Charles,Margery,1993-01-28
Oneal,Phillis,2006-08-30
Gibbons,Erika,1965-07-25
Branch,Arthur,1979-03-26
Walden,Janna,2008-09-03
Greene,Mallory,1980-12-31
Harden,Kristina,2001-03-27
Bolton,Oscar,1980-05-10
Perez,Logan,1948-12-10
Le,Bertha,1958-09-29
Mcclure,Muriel,2009-07-04
Elmore,Humberto,1941-04-05
King,Lilia,1990-08-11
Russo,Juliana,1963-05-19
Baird,Katharine,1983-11-19
Cochran,Casandra,1982-09-28
Christensen,Georgina,1997-07-03
Tran,Soledad,1988-05-12
Ervin,Arnoldo,1994-10-23
Mcgee,Edmundo,1997-05-14
Hart,Gayle,1963-12-22
Hayden,Etta,1976-07-01
Cantu,Solomon,1950-06-23
Church,Denis,1960-12-04
Curtis,Aurora,1990-01-08
Corbett,Arlen,1962-07-11
Gilliam,Ashleigh,1998-11-08
Quinones,Gina,2002-11-15
Green,Vivian,1967-06-07
Burns,Jordon,2015-07-15
Lopez,Reyes,1952-12-01
Francis,Derek,1996-06-14
Mccullough,Lenora,1998-05-20
Proctor,Freda,1959-09-23
Chandler,Teodoro,1968-08-03
Levy,Ward,2006-06-02
George,Micheal,2009-06-30
Fisher,Margo,1963-03-04
Horne,Floyd,2004-04-27
Britton,Aline,2014-03-06
Soto,Robbie,1942-01-20
Shaw,Ava,1951-05-01
Buckley,Wilson,1940-08-11
Butts,Santos,1976-09-24
Jacobson,Maude,1976-03-07
Pearson,Saul,1940-02-27
Wiggins,Alonzo,1964-12-12
Pearson,Catherine,1970-01-24
Garcia,Imelda,1962-05-06
Hill,Russel,1997-11-29
Ross,Dorothy,1958-12-09
Barker,Weston,1986-12-17
Dyer,Amanda,1963-08-24
Slater,Elva,1989-11-21
Greer,Nolan,2002-04-21
Carpenter,Alisha,2005-06-23
Brandt,Rashad,1944-08-24
Jenkins,Mae,1959-07-09
Valdez,Marquis,1992-08-15
Kidd,Kathrine,1972-02-22
Mccray,Lynn,1977-04-03
Keller,Bruce,1995-10-06
Tate,Glenna,1962-10-18
Mueller,Lenard,1970-05-11
Hinton,Daron,1989-10-23
Patel,Erica,2016-01-09
Hodges,Gerry,1999-01-09
Reed,Gwen,2007-12-12
Collins,Jake,2009-12-02
Kendall,Janie,1987-03-25
Glover,Abigail,1959-06-28
Eldridge,Nestor,1949-11-18
Johns,Jody,1951-07-11
Velasquez,Luella,2012-11-23
Delgado,Abe,1961-02-09
Golden,Ella,2002-08-23
Huffman,Millicent,1996-02-08
Davis,Evan,1996-09-27
Huffman,Warren,1979-10-16
Page,Bonita,1984-03-26
Brandt,Olin,1976-07-20
Maxwell,Marissa,2003-07-11
Shepherd,Roxanna,1972-02-16
Pierson,Rosa,2016-10-15
Hahn,Royce,1986-04-25
Mckenzie,Marquis,1983-04-08
Kinney,Brock,1957-09-10
Schmidt,Nickolas,1944-10-26
Curtis,Virgina,1977-04-10
Copeland,Neville,1974-08-05
Flynn,Anita,1973-05-23
Kemp,Denise,1993-09-28
Orozco,Duane,1967-04-01
Crosby,Robert,1983-11-04
Matthews,Lakeisha,2001-01-31
Suarez,Jane,1958-01-25
Kendall,Nona,1988-05-20
Sparks,Alyson,1985-12-08
Craft,Elwood,1955-07-09
Haas,Zackary,1990-07-11
Mccall,Davis,1993-12-02
Bradley,Gracie,1980-11-07
Benjamin,Rosario,2011-07-18
Elder,Reynaldo,1945-05-09
Mills,Morgan,1980-08-18
Castro,Daren,1957-11-12
Gilliam,Claire,2001-01-26
Decker,Maryanne,2005-07-27
Cote,Henrietta,1942-12-20
Holmes,Imelda,1967-05-08
Wallace,Harriett,2008-05-12
Womack,Kerry,1951-12-30
Kirkpatrick,Nicole,2004-11-28
Fischer,Theodora,2011-12-04
Hahn,Hope,2003-09-30
Cherry,Charles,1985-02-09
Sykes,Martina,1949-02-27
Melton,Liz,1961-10-20
Polk,Debra,1955-12-07
Fitzpatrick,Bart,1948-01-31
Kelley,Marianna,1954-11-22
Morgan,Dorsey,1953-05-03
Spence,Betty,2002-07-04
Shields,Judith,1992-09-17
Stafford,Kaitlin,1970-12-06
Kirkland,Bennie,1980-10-03
Shirley,Hugo,2009-04-10
Donovan,Rosalie,1943-05-29
Godfrey,Therese,1979-03-02
Patel,Valerie,1995-06-02
Hall,Marcia,2008-06-27
Hall,Virgie,2006-02-28
Copeland,Jayson,1996-02-05
Ellison,Candida,1965-02-16
Maxwell,Addie,1946-01-04
Diaz,Duncan,1943-02-16
Tatum,Jaclyn,1946-09-17
Abbott,Lou,1959-11-13
Bass,James,1994-06-04
Carney,Terra,1970-08-31
Lockhart,Bianca,1953-01-19
Melton,Olivia,1961-03-24
Mcintyre,Devin,2009-11-24
Chamberlain,Juliana,1982-04-12
Haynes,Andrew,1995-10-22
Keith,Bernie,1976-03-24
Henderson,Maria,2016-11-07
David,Flora,1965-07-21
Bates,Shirley,1976-10-24
Magee,Dorris,1983-12-02
Foley,Shanda,1997-06-02
Stokes,Loyd,1988-05-25
Daugherty,Cesar,2014-12-05
Guy,Omar,2016-05-12
Dixon,Marie,1978-09-02
Norton,Lorie,2014-01-30
Torres,Kristina,1982-06-07
Thomas,Katie,1967-06-09
Haley,Rolf,1963-03-24
Kendrick,Maria,1969-02-06
Ramirez,Nickolas,2014-11-13
Osborne,Antoinette,2002-06-05
Crouch,Sheree,1972-02-04
Law,Ulysses,1970-03-06
Price,Merry,2016-09-13
Henderson,Jeff,1951-11-26
Ervin,Ezra,1985-10-22
Drake,Darell,1940-01-06
Cameron,Dusty,1954-02-11
Wilkins,Adela,1943-07-05
Mccoy,Joyce,1984-11-24
Albert,Dan,2006-02-21
Villa,Blanca,1993-06-22
Cote,Melba,1950-04-15
Manley,Sang,2009-02-27
Oconnell,Casey,2007-03-03
Fleming,Ariel,1999-01-25
Hooper,Monique,1969-07-04
Sanford,Tonya,2004-01-01
Salazar,Michale,2015-07-02
Woodruff,Carmine,1986-04-30
Snider,Ida,1985-03-31
Finley,Hershel,2010-11-08
Sherman,Lettie,1954-07-18
Cunningham,Jimmy,2011-04-01
Perkins,Mary,1985-03-23
Fowler,Ahmed,2004-08-01
Elkins,Chasity,1955-06-19
Warren,Curtis,1942-01-21
Strickland,Ofelia,2001-03-13
Phelps,Krystal,1950-02-25
Kidd,Felix,2011-10-15
Maldonado,Marcellus,1984-01-23
Seymour,Efren,1963-05-22
Swanson,Libby,1971-03-04
Langley,Vincenzo,1989-04-05
Leach,Jere,1960-11-03
Baldwin,Carmella,1983-03-09
Hutchinson,Alfreda,1985-10-02
Crowley,Phil,1948-08-30
Carver,Mable,1961-04-29
Herman,Dave,1980-07-18
Reyes,Viola,1956-10-15
Terrell,Johnny,2006-06-11
Moses,Colette,1984-07-05
Frederick,Erika,2002-02-27
Smart,Charla,2006-06-26
Wang,Kristina,1942-03-21
Bunch,Brain,2007-07-21
Gregg,Kira,1992-01-19
Harvey,Wilfredo,1961-06-07
Mcmahon,Briana,2011-09-09
Lloyd,Rich,1947-09-09
Hutchinson,Alyssa,1968-07-23
Rivers,Rich,1961-04-13
Dalton,Lou,2010-05-18
Shepard,Cecelia,1948-11-23
Justice,Nolan,1961-02-12
England,Ana,1953-01-21
Gorman,Werner,1992-04-30
Carpenter,Violet,1952-06-01
Le,Rosario,1968-12-28
Bennett,John,1977-07-29
Dudley,Heriberto,2004-11-11
Moss,Janice,1984-06-22
Davila,Jeremy,1944-08-16
Carroll,Kristin,1989-01-07
Mathis,Mohammad,1973-07-17
Hicks,Marlin,1973-10-10
Small,Lula,2011-04-05
Ross,Morris,2012-05-18
Greer,Dolores,1985-09-02
Hines,Jamal,2005-06-01
Anderson,Simone,1947-12-20
Terry,Jeff,1971-05-12
Morris,Cherry,2017-02-19
Ryan,Fatima,1975-09-06
Clay,Elvia,2006-12-08
Fleming,Bobby,1992-03-15
Kennedy,Randell,1951-03-04
Osborne,Robert,1974-02-21
Rowland,Hung,1947-02-17
Donovan,Jared,1959-02-19
Baird,Oma,2006-10-20
Dotson,Catalina,1966-07-26
Bauer,Blanche,1994-06-29
Worley,Stephen,1983-04-02
Lowery,Grady,1967-03-09
Calderon,Noble,1959-04-11
Bergeron,Agnes,1950-07-24
Benton,Cory,1965-09-26
Rivers,Kathy,1979-12-01
Madison,Cruz,1988-04-27
Valdez,Lloyd,2007-08-18
Blackburn,Mariana,2000-06-15
Lozano,Chuck,1990-06-10
Chavez,Josefa,1967-03-20
Thompson,Allyson,1982-07-08
Lane,Ada,2006-11-22
Lewis,Lynne,1982-02-11
Frye,Krystle,2000-01-07
Mcginnis,Susana,2009-08-16
Mack,Virginia,1987-01-10
Peters,Jacquelyn,1960-11-02
Mayes,Colton,1992-11-12
Wiley,Winifred,1984-11-26
Barrett,Royal,2014-05-01
Ross,Geraldo,1959-05-31
Burke,Ione,1966-02-05
Goldberg,Sheryl,1963-12-08
Cardenas,Cody,1956-05-16
Garcia,Riley,1949-10-15
Carter,Filiberto,1948-07-31
Madden,Daryl,1975-08-26
Erickson,Clifton,1994-10-25
Shoemaker,Allie,1971-01-21
Wright,Polly,1984-11-11
Pugh,Lonnie,2013-10-04
James,Tom,2017-03-18
Mcpherson,James,1995-08-24
Bradford,Moses,1980-05-06
Levy,Gus,1948-08-31
Delaney,Kenton,1982-06-15
Williamson,Scott,1974-11-09
Perry,Jasmine,1955-10-04
Vang,Lindsay,1992-02-10
Stanton,Rolf,2012-11-27
Shafer,Octavio,1941-01-08
Taylor,Mamie,1962-08-12
Beard,Rene,1986-02-08
Ratliff,Brandie,1980-09-19
Polk,Dewayne,1958-11-05
Mackey,Rachel,1982-05-14
Aguilar,Julian,1948-09-30
Newman,Leanne,2012-07-15
Castro,Avis,1959-10-26
Lamb,Diane,2011-05-07
Christensen,Suzan,1970-12-08
Polk,Iona,1969-04-19
Estrada,Krystle,2013-05-12
Doyle,Terrance,1972-03-11
Anderson,Don,2003-03-10
Orr,Cornell,1972-10-09
Carpenter,Stanley,1964-10-11
Christensen,Constance,1943-09-30
Gross,Willard,1985-11-20
Blue,Catherine,1979-12-10
Odonnell,Arnold,1963-12-14
Whitley,Lindsay,1997-05-24
Hatcher,Samual,1951-05-17
Herring,Blake,1965-10-19
Nunez,Arlene,1975-08-09
Pratt,Frankie,1951-09-16
Farmer,Carl,1982-12-31
Mcgowan,Elisha,1991-07-11
Ruiz,Kelli,1940-04-04
Tucker,Merle,1962-09-13
Woodruff,Mellisa,1953-02-24
Hawkins,Ashlee,2004-11-16
Reyes,Dong,1984-08-15
Gary,Cody,2009-06-04
Snow,Erwin,1998-01-06
Saunders,Leslie,1975-12-25
Carlson,Dewayne,1955-11-02
Sears,Darnell,2003-06-09
Gardner,Lola,2006-01-03
Robles,Ollie,1947-02-18
Puckett,Alma,2000-08-20
Riddle,Damion,2011-07-31
Vincent,Bridgett,1964-01-03
Austin,Pamela,1979-05-20
John,Beulah,1964-07-05
Michael,Kendrick,2006-09-27
Hughes,Agnes,1978-05-09
Jenkins,Herminia,1966-07-24
Byrd,Mari,1948-03-06
Marsh,Lowell,1966-11-30
Bright,Caitlin,1979-04-28
Mccarthy,Vance,2002-01-13
Navarro,Becky,1963-10-29
Everett,Bertie,1941-12-20
Mason,Courtney,1992-01-01
Love,Philip,1971-08-29
Washington,Gwendolyn,1952-11-12
Mcdaniel,Preston,2004-03-02
Berry,Ollie,1988-07-21
Mcconnell,Joanna,1949-03-07
Woodard,Barney,1940-06-02
Blackburn,Deloris,1948-02-23
Woods,Antony,1998-03-21
Rodriguez,Ira,1997-12-04
Newell,Chris,1956-07-15
Gould,Claudia,2010-12-20
Bullock,Elliott,1960-05-24
Barber,Larry,1947-02-08
Morrow,Herbert,2013-01-25
Jackson,Norris,1951-10-26
Whitley,Corrine,1991-09-21
Oconnor,Beulah,1958-11-02
Reilly,Shonda,2006-12-01
Carson,Booker,2001-09-09
Guerra,Brigitte,2001-07-05
Costa,Celina,1981-01-22
Tyson,Theron,2010-11-22
Crosby,Clark,1941-06-04
Hayden,Haywood,1972-09-03
Webber,Kirk,2007-02-17
Parsons,Abdul,1971-01-25
Vaughn,Gilberto,1952-10-21
Warner,Opal,1947-06-30
Price,Chad,1991-09-01
Robertson,Gayle,1952-03-07
Briggs,Mara,1942-11-27
Lambert,Wyatt,2010-12-28
Grimes,Martin,2008-12-11
Christopher,Dale,2005-03-05
Costa,Juanita,1984-03-10
Andrews,Cari,1967-04-17
Sullivan,Agnes,1978-07-27
Lopez,Ronda,1962-10-20
Terrell,Greta,2016-02-27
Walter,Cletus,1968-01-12
King,Twila,1985-05-30
Russo,Kaitlin,2012-10-30
Bland,Autumn,1978-07-24
Ross,Mona,1995-08-19
Sexton,Kris,1982-08-26
Murphy,Johnathan,1949-12-18
Collier,Jarrod,1988-02-07
Harding,Vernon,1951-03-11
Wise,Jose,2014-03-11
Mcdaniel,Stefan,1966-07-21
Woodward,Laurie,2000-07-16
Maddox,Marcos,1963-08-15
Newton,Thad,1984-12-01
Garrett,Blake,1955-12-13
Moser,King,1973-08-06
Morse,Lee,2015-04-23
Akers,Isabell,1962-12-09
Madden,Lucia,1961-09-19
Hines,Ruth,1960-01-04
Logan,Pat,1976-11-14
Kelley,Chung,1974-10-12
Spencer,Lindsay,1955-05-10
Seymour,Serena,2000-07-18
Lyon,Benny,1956-10-19
Conner,Marion,2006-08-20
Cervantes,Abdul,1946-02-12
Hamm,Rosanna,1973-06-24
Blair,Abe,1991-04-25
Duke,Latanya,1983-04-12
Castro,Janette,1940-03-11
Daniel,Tory,1968-07-17
Salazar,Brad,1959-02-16
Boyer,Rickey,1983-06-10
Hatcher,Krista,1963-02-03
Wolf,Ethan,1986-04-28
Phelps,Mina,1993-07-20
Zimmerman,Chasity,1958-10-24
Boggs,Aubrey,2010-05-04
Pitts,Margot,2006-02-04
Potts,Earle,1988-01-27
Robbins,Aida,1974-09-17
Maddox,Dylan,1964-04-02
Mcguire,Veda,1953-05-08
Underwood,Joel,1983-03-09
Walden,Tracy,1997-11-25
Foreman,Wilhelmina,1941-11-22
Dalton,Krista,1992-06-24
Guzman,Vesta,2008-09-08
Webber,Harold,2014-02-22
Connor,Elena,1963-06-02
Aguilar,Pansy,1970-09-06
Maloney,Delia,1961-02-25
Green,Iola,2012-06-08
Valentine,Zachariah,1959-10-01
Gibbs,Fabian,2014-10-25
Harris,Frederick,2001-04-29
Rodgers,Luther,1995-01-06
Ryan,Cletus,1999-07-16
Bullock,Denise,1972-06-25
Lawson,Jonathon,2005-01-22
Rice,Tracy,1940-11-29
Valdez,Faye,1970-05-19
Langley,Jim,2010-09-18
Meadows,Cyrus,1996-08-02
Preston,Tony,1950-12-04
Nelson,Mary,1941-11-26
Bond,Beryl,1957-08-06
Fleming,Matthew,1946-02-17
Ortega,Lawanda,1961-09-20
Holland,Tanner,1968-05-29
Jimenez,Filiberto,1952-04-01
Welsh,Simone,1945-02-21
Kendrick,Kathryn,1948-07-09
Rosario,Lakeisha,1952-02-01
Austin,Laurie,2009-04-03
Carlson,Deanne,1950-05-23
Phillips,Jacques,1958-10-24
Luna,Danielle,1967-12-12
Gaines,Hai,2014-04-04
Dodson,Emory,1954-05-13
Hicks,Jodi,2005-10-15
Vance,Miguel,1995-07-25
Scott,Brant,1944-02-23
Dye,Glenna,1982-07-03
Ponce,Del,1973-05-19
Vargas,Bradley,1977-09-14
Mosley,Dusty,1993-04-15
Mckenzie,Justine,1971-12-24
Buckley,Rachael,1976-11-23
Dodd,Reynaldo,2012-09-03
Fowler,Neville,1979-05-30
Walter,Margo,1970-12-09
Tate,Blanca,2014-04-23
Mcleod,Ollie,1988-01-22
Johnston,Georgia,1967-03-08
Bailey,Steven,1953-06-17
Coffman,Ricardo,1973-09-28
Graves,Kenya,1995-09-18
Burton,Dee,1962-12-22
Frederick,Hershel,1999-01-29
Bauer,Lula,1980-03-09
Decker,Norma,2007-08-31
Anderson,Guadalupe,2012-09-29
Mahoney,Geraldine,1959-03-09
Nicholson,Geneva,2007-05-19
Byers,Mitch,1997-05-01
Knowles,Myron,1944-05-25
Franco,Sheena,2009-08-07
Richardson,Magdalena,2001-04-04
Pugh,Libby,2006-10-21
Guthrie,Al,1987-01-17
Ewing,Samuel,1962-11-29
Duran,Jed,1965-02-20
Peters,Jillian,1966-02-19
Lucas,Booker,1990-07-07
Burks,Samual,1972-02-21
Mcdaniel,Cletus,1973-11-01
Lozano,Jayne,1997-03-13
Whaley,Terence,2003-06-15
Nance,Casey,2014-04-02
Kemp,Spencer,1983-09-17
Flowers,Jacqueline,1980-01-11
Britt,Alene,1988-11-05
Mooney,Bud,1969-03-04
Patterson,Derek,1973-02-12
Lester,Kim,1940-12-23
Dixon,Francisco,1999-12-30
Mclean,Vern,1981-01-29
Miles,Galen,1984-07-24
Roth,Mitzi,2004-12-06
Montgomery,Lesa,1969-09-01
Carney,Laurel,1952-08-09
Dye,Harlan,1943-11-26
Huber,Kristin,1951-04-30
Terry,Maynard,2014-05-20
Lugo,Thaddeus,1974-07-25
Mcmillan,Kenya,2000-05-12
Hatcher,Shanda,2014-11-05
Schultz,Millard,1946-01-17
Kramer,Lionel,1954-08-10
Gaines,Karyn,2015-10-22
Larson,Bennie,1966-09-11
Bender,Cristina,1979-08-02
Hinkle,Morton,1963-12-07
Rowland,Dwight,2004-03-02
Mcmillan,Damien,1998-04-22
Gorman,Caleb,1977-12-11
Holmes,Leeann,1979-01-07
Sanders,Filiberto,1992-01-13
Hill,Alyce,2006-01-20
Stein,Hollis,1962-10-17
Kirby,Oren,1947-06-07
Dennis,Elroy,1960-11-24
Mcmahon,Lenora,1985-12-30
Santiago,Ellie,1986-01-11
Strickland,Carla,1988-07-08
Winter,Kip,1989-10-06
Nielsen,Andre,1957-11-15
Kessler,Ulysses,1989-04-25
Park,Bella,1970-04-07
Alford,Stuart,1997-09-16
Hodge,Damon,1957-11-30
Whitfield,Raul,1973-09-02
Riley,Noemi,1959-03-28
Browning,Valerie,2000-12-12
Barrett,Sharlene,1951-02-22
Farrell,Louie,1949-03-30
Santana,Albert,2016-12-09
Bowling,Charlie,1948-09-10
Wise,Freda,1997-04-20
Hancock,Erna,1966-09-05
Gibson,Tania,1972-08-09
Hopper,Jed,1990-12-12
French,Gerald,1976-02-06
Holcomb,Jeromy,1979-04-30
Parrish,Cari,2012-07-21
Novak,Damian,1979-09-22
Baker,Francesco,1993-04-15
Cole,Shiela,1999-06-15
Cummings,Kristie,1998-10-17
Dixon,Kathy,1983-02-18
John,Freddie,2008-11-18
Garrison,Marianna,1991-11-25
Jarvis,Ernestina,1945-02-24
Poole,Chi,2013-02-10
Roth,Michele,1950-12-19
Carson,Ruben,1973-06-13
Watson,Alisa,1945-01-14
Raymond,Luciano,1958-02-26
Ryan,Alecia,1984-11-08
Black,Lucia,1961-04-12
Conway,Willard,1946-04-27
Bates,Tamra,1954-12-14
Schwartz,Rupert,1967-08-01
Krause,Maryjane,1991-05-26
Owen,Dionne,1974-05-31
Cunningham,Ivan,1999-06-06
Curry,Margarita,1940-12-25
Clements,Lakeisha,1967-07-30
Frye,Tricia,1988-05-16
Galvan,Elvia,1966-05-15
Shirley,Miles,2013-06-26
Dickerson,Isaias,1943-03-20
Carey,Devon,1959-08-20
Blair,Micah,2010-07-28
Brewer,Alberta,1953-08-05
Chang,Joaquin,1975-01-01
Gillespie,Porter,1952-09-24
Boyle,Savannah,2005-07-09
Rodgers,Jerrold,2001-05-07
Sosa,Della,1978-02-17
Stark,Milagros,2001-08-04
Wiggins,Nadine,1956-01-15
Ortega,Augustus,2006-09-01
Thompson,Dewey,1945-02-17
Crane,Filiberto,2015-06-20
Sanchez,Darin,2004-05-27
Forrest,Kelli,1957-03-07
Reese,Hollis,1947-06-30
Cuevas,Debby,2016-01-16
Krueger,Trisha,2013-02-14
Stevens,Harvey,1956-06-26
Clements,Malcom,1970-12-10
Phelps,Geraldo,1960-06-05
Broussard,Marquis,1972-03-22
Charles,Cheri,2008-05-07
Mejia,Polly,2012-09-17
Tate,Bertram,1982-11-12
Harding,Lindsay,1985-06-06
Weber,Margery,1975-02-22
Neely,Valeria,1940-07-07
Moyer,Lucien,1969-10-16
Mack,Rodger,1992-02-11
Velasquez,Nichole,1998-06-24
Knapp,Louie,1944-12-11
Rubio,Christina,2008-03-22
Coleman,Kasey,1960-02-25
Sandoval,Ian,1946-05-04
Vazquez,Eli,2008-07-31
Reilly,Sebastian,2005-03-15
Bland,Leonor,1991-09-15
Stephenson,Donte,1994-04-08
Mayes,Enoch,1951-07-29
Hendricks,Edmund,1973-01-23
Tanner,Imelda,1974-01-19
Seymour,Carlos,1958-09-09
Armstrong,Mary,1998-07-01
Fleming,Lila,2008-08-04
Gardner,Orval,1942-07-28
Mercado,Millicent,2014-08-04
Becker,Chong,1987-06-22
Mayfield,Joann,1940-01-08
Walters,Susan,1994-09-16
Cameron,Paul,1961-02-01
Andrews,Delmar,2007-11-18
Holman,Liliana,2000-03-13
Rocha,Gail,1995-12-20
Macdonald,Dannie,1960-03-11
Wells,Amy,2015-06-21
Weaver,Rhoda,1990-10-29
Clemons,Robert,2016-01-10
Sosa,Liliana,2015-06-21
Goodman,Faye,1949-05-05
Keller,Barney,1943-10-25
Welch,Alexis,1960-04-09
Gregg,Jewel,2009-09-27
Joseph,Joyce,1952-09-29
Hendrickson,Marcelino,1945-04-22
Lawson,Rodney,2015-10-18
Lehman,Pansy,1946-10-18
Hines,Jaqueline,1995-11-15
Moon,Sheri,2017-09-08
Odonnell,Dwight,1991-07-24
Heard,Gussie,1979-03-27
Bowers,Merrill,1998-03-23
Guzman,Fay,1957-08-01
Kirby,Lyle,1956-05-13
Steele,Eldridge,1947-01-08
Mitchell,Janie,1996-10-03
Osborne,Della,1970-06-21
Morton,Kelly,1987-07-20
Pate,Marsha,1951-08-28
Craig,Clayton,2014-10-20
Hopkins,Ambrose,1990-04-14
Shepherd,Stacie,2009-06-22
Bradshaw,Jami,1949-01-05
Lyon,Sung,2013-02-13
Gibbons,Marjorie,1940-11-07
Fischer,Flossie,1979-06-21
Odell,Katelyn,1990-01-18
Dodson,Jacquline,1997-02-26
Field,Jose,1976-02-17
Coffey,Haywood,1972-03-09
Maldonado,Humberto,2005-08-13
Ponce,Rodger,2013-03-12
Cantrell,Valentine,1994-12-08
Hart,Ivan,1957-05-11
Colon,Lillian,1945-10-26
Mcintosh,Rod,1969-12-08
Saunders,Edgar,1972-01-09
Bowen,Clarice,2013-08-18
Flores,Bethany,1947-01-30
Belcher,Beryl,1997-08-08
Odell,Mark,1943-07-07
Howe,Carlene,2014-12-29
Clark,Eileen,1991-01-20
Emery,Barbra,1967-09-19
Turner,Edmund,2007-03-19
Patrick,Damian,2016-05-03
Munoz,Millard,1980-02-21
Soto,Quincy,1991-08-31
Lynn,Jody,2000-06-11
Fitzpatrick,Leann,1997-08-08
Hollis,Efren,1942-09-06
Hardin,Leonardo,2005-09-20
Grant,Timothy,2014-12-26
Burgess,Hazel,2007-07-30
Garrett,Deidra,1963-07-31
Griffin,Chad,1994-07-21
Mcguire,Lottie,1994-01-27
Chaney,Teddy,1982-02-21
Ayers,Barrett,1996-05-05
Carter,Porfirio,2006-09-04
Morales,Virgina,1952-10-15
Dougherty,Pierre,1985-10-13
Porter,May,1975-07-09
Bryan,Omer,2005-03-06
Cabrera,Curtis,2017-04-08
Browning,Cassie,1971-03-27
Bowling,Leta,1971-06-10
Workman,Ricky,2011-12-27
Fritz,Hilary,1969-11-06
Rogers,Selena,2005-04-23
Walden,Lori,1966-07-18
Fox,Cari,1959-10-14
Gagnon,Lupe,1964-10-20
Werner,Enoch,1949-05-14
Cowan,Warren,2014-12-25
Frazier,Christal,1959-12-02
Young,Nilda,1964-08-17
Wolf,Cesar,1943-07-28
Lozano,Murray,1952-09-19
Castillo,Ned,1971-04-04
Parrish,Mohammed,1959-09-01
Thomas,Isidro,1946-03-22
Gore,Edmund,1968-07-24
Allison,Duane,1958-05-05
Jamison,April,1947-03-20
Velez,Arnoldo,1960-09-20
Baird,Michale,1980-05-21
Daniel,Lawerence,1975-03-16
Wolf,Lon,1971-08-23
Perry,Rosemarie,1962-08-11
Mccarthy,Lupe,2011-11-27
Britt,Ernest,2016-09-17
Schneider,Nathan,1998-07-13
Dunn,Dino,2009-07-21
Poole,Bettye,1992-07-09
Denton,Michael,1997-06-16
Parsons,Gary,1950-04-16
Kent,Mollie,2005-06-30
Schneider,Long,1951-02-22
Cummings,Jamie,1942-07-25
Mccarthy,Danna,1999-07-29
Field,Anderson,2017-07-08
Cordova,Iva,2005-11-16
Pearce,Soledad,2012-02-01
Barry,Kelly,2001-06-18
Wheeler,Williams,1966-08-07
Page,Justine,1999-06-27
Parks,Candy,1955-01-03
Richard,Brendon,1982-11-07
Crow,Willis,1967-03-19
Harvey,Emmett,1979-03-21
Cooke,Harvey,1999-02-16
Curry,Leland,1959-07-05
Greer,Abram,1958-12-20
Davidson,Johnie,1997-04-09
Lyon,Bette,1992-12-27
Mckee,Hilton,1952-02-09
Hooper,Raul,2010-04-12
Hickey,Silvia,1963-10-24
Zimmerman,Alton,1975-07-07
Thornton,Carmela,1970-05-09
Shields,Marty,2008-08-20
Crosby,Jane,1983-02-04
Fowler,Verda,1940-11-21
Walden,Delmar,2003-09-24
Hebert,Sun,1952-08-13
Garza,Tina,2009-05-03
Solomon,Eloy,1965-02-28
Campos,Chad,2014-12-23
Webb,Jonah,1943-05-02
Velasquez,Parker,1955-11-05
Tate,Lucinda,1995-09-15
Mobley,Tessa,1980-04-06
Kimball,Ursula,1967-08-17
Alvarez,Gwendolyn,2007-01-08
Noble,Carl,1949-05-11
Meeks,Lakisha,1969-02-23
West,Lou,1966-02-20
Fitzgerald,Casey,1983-02-26
Lloyd,Tammie,1996-05-15
Harding,Son,1980-07-25
Kirkland,Marisa,2001-05-18
Jenkins,Heath,1948-05-13
Hickman,Prince,2010-05-18
Waters,Benjamin,1990-08-25
Guy,Consuelo,1941-07-31
Anthony,Celestine,1978-05-19
Burris,Elvis,1962-07-13
Wise,Darrin,2009-03-14
Leon,Monique,2012-05-22
Herbert,Susan,1983-07-03
Curtis,Amos,1975-12-02
Mcintyre,John,1972-08-22
Bean,Selma,2010-11-10
Ruiz,Percy,1993-04-09
Knapp,Cindi,1956-08-12
Snyder,Benito,1998-03-10
Becker,Cameron,1993-11-14
Hopkins,Marina,1960-08-31
Preston,Aurelia,1952-07-27
Martinez,Amalia,1979-01-11
Montgomery,Cory,1997-06-29
French,Brooke,2002-02-05
Hinton,Emerson,1952-12-27
Soto,Nelda,2000-11-14
Dean,Shellie,1941-04-21
Heath,Neva,1971-09-06
Washington,Ahmad,2004-06-05
Petersen,Marietta,1977-12-30
Burns,Lula,1948-06-20
Beck,Giuseppe,1968-12-17
Carney,Jefferson,1973-03-24
Kendrick,Ray,1994-02-21
Elder,Amelia,1966-07-11
Noble,Phillis,1960-02-21
Barrett,Orlando,2010-12-03
Kane,Fritz,2010-05-15
Black,Luella,1997-06-18
Madison,Tyson,1974-12-31
Knapp,Lakesha,1948-06-11
Arnold,Natalie,1943-03-21
Blair,Renae,1950-07-27
Barnett,Theron,1979-12-03
Kendall,Elnora,1996-11-13
Cobb,Kelvin,1990-12-29
Goldberg,Darin,1947-04-22
Fletcher,Margery,1953-11-09
Reese,Darell,1986-10-23
Livingston,Cyrus,1980-10-25
Soto,Abdul,1951-10-18
Sears,Russell,2000-04-08
Ramirez,Maryann,1956-12-12
Shea,Ann,1942-11-08
Nguyen,Lino,1969-09-12
Tyler,Kerry,1989-06-22
Peck,Lee,1947-11-07
Rucker,Jared,1948-09-03
Mercer,Isabell,1970-01-22
Hansen,Blanca,1968-09-26
Washington,Angeline,1997-04-22
Patel,Susanna,1997-08-14
Crum,Kris,1996-06-12
Crawford,Nadia,1995-01-25
Russell,Marcella,1981-08-23
Jacobson,Martina,1972-06-15
Fuller,Abigail,1985-10-10
Allison,Zelda,1990-07-04
Cooper,Ann,1982-04-14
Valencia,Seth,1943-05-15
Cotton,Latonya,2012-05-06
Odell,Allene,1963-06-05
Hinton,Guadalupe,2007-12-03
Dudley,Hanna,1962-02-02
Paul,Victoria,1973-05-20
Rodriquez,Elisabeth,1999-12-25
Galvan,Verda,2008-01-01
Matthews,Evangeline,1997-06-30
Avery,Sophie,2011-12-24
Bailey,Mandy,2001-12-20
Davies,Marci,1983-01-19
Bartlett,Glenda,1983-06-13
Beatty,Andres,2008-04-14
Crane,Carmella,1961-08-19
Stinson,Maya,1978-05-20
Nicholson,Dolly,1974-10-23
Camacho,Elwood,2004-10-25
Lam,Edison,2013-09-29
Bartlett,Mac,1961-08-11
Costa,Casey,1948-11-25
Dailey,Nathaniel,1950-11-24
Pratt,Eldon,1974-09-30
Roberson,Lenore,1955-01-26
Broussard,Pearlie,1999-07-16
Shepherd,Lawerence,1941-07-08
Rodriguez,Olga,2014-07-23
Rivas,Connie,1984-08-11
Bowen,Amanda,1972-04-18
James,Dora,1998-03-03
Hendricks,Whitney,1981-11-03
Craft,Robert,1984-01-11
Conrad,Fanny,1988-09-18
Ratliff,Bennie,1950-05-06
Hartley,Freida,2005-02-01
Benjamin,Freeman,1972-08-04
Ferrell,Cortney,1967-07-06
Hutchinson,Cathy,1966-01-20
Hardy,Sheena,1977-05-19
Wallace,Marquis,1975-05-03
Dixon,Glenda,1944-07-15
Bowman,Gilda,1950-09-28
Waters,Refugio,1978-10-15
Ramos,Carroll,1976-07-11
Archer,Candida,1964-02-02
Cortez,Tawana,1977-04-18
Gates,Tory,2016-09-24
Hanson,David,2016-09-26
Eldridge,Timmy,1983-12-19
Solis,Hanna,1944-02-28
Morin,Carmela,2012-09-14
Rosado,Josephine,1987-08-04
Mayes,Alvaro,1965-12-14
Herman,Fredrick,2015-09-06
Kirkpatrick,Lucretia,2002-09-25
Burton,Sean,1983-07-21
Anderson,Issac,2003-02-04
Cooley,Trudy,1965-01-07
Sweeney,Valentine,1968-05-28
Pratt,Aubrey,2007-08-04
Ware,Melody,2009-12-19
Marquez,Newton,1958-11-21
Elder,Mauricio,1965-10-07
Webber,Amado,1975-02-20
Bradshaw,Zack,1999-12-30
Barker,Carlo,1967-04-10
Chavez,Angie,1943-02-06
Buck,Willie,1989-03-28
Chan,Marilynn,2009-02-02
Plummer,Nadia,1953-10-25
Silva,Mandy,2006-05-03
Hull,Destiny,1999-10-04
Haas,Claire,1966-09-05
Dean,Coy,1992-02-04
Frye,Concepcion,1975-03-19
Munoz,Blaine,1945-05-31
Alston,Carmel,1958-03-20
Paul,Albert,1948-06-16
Pate,Ahmed,1941-01-25
Cohen,Verda,1995-11-07
Dougherty,Tracie,1992-03-04
Savage,Geri,1989-07-15
Cantu,Joseph,1950-02-16
Gallagher,Teresa,1942-10-19
Pittman,Alicia,2009-10-08
Kline,Dusty,1985-01-23
Sanchez,Joe,1971-02-23
Vaughn,Ralph,1954-02-06
Garrett,Barbra,1943-02-28
Worley,Kurt,1942-12-30
Goins,Lee,1999-12-24
Stein,Porter,1963-09-05
Preston,Courtney,1943-02-01
Ray,Luz,1954-08-20
Bland,Nigel,1959-05-13
Lambert,Marybeth,1978-12-10
Hyde,Kimberlee,1951-05-29
Robinson,Mae,1990-09-15
Thornton,Janie,1944-09-19
Beard,Evangelina,1999-12-03
Huffman,Adrienne,1981-06-08
Burt,Sandy,1990-01-09
Warren,Stacey,2007-07-01
Douglas,Hester,1959-10-03
Bean,Madeleine,1950-10-21
Richards,Darell,1979-06-01
Reyes,Angel,1975-03-22
Patterson,Avery,1974-12-21
Downs,Bruce,2017-07-27
Mays,Theodore,1944-06-24
Roach,Lucio,1996-10-25
Andrade,Tori,2009-12-12
Lang,Oliver,1962-12-30
Ellison,Leila,2013-06-03
Rivers,Eddy,1965-12-11
Werner,Russel,1941-06-22
Cotton,Francisco,1964-12-13
Novak,Sergio,1962-07-15
Mcpherson,Nicolas,1986-11-17
Russell,Harriett,1975-01-01
Terry,Ashleigh,1952-11-02
Law,Mildred,1976-02-22
Polk,Queen,1951-06-27
Donahue,Wilda,1997-04-14
Leblanc,Michell,1963-06-15
Ramos,Gayle,2012-07-29
Barnett,Carol,1993-04-18
Pacheco,Leonardo,2014-12-12
Lehman,Brittany,1985-05-30
Nicholson,Eve,1991-12-26
Sherman,Chet,1974-11-24
Spencer,Gabrielle,1994-07-03
Andersen,Sonia,2013-08-03
Lozano,Thaddeus,1993-09-30
Cox,Sharlene,1950-10-20
Meyer,Efrain,1965-05-27
Griggs,Suzan,2013-07-27
Maxwell,Dewayne,1977-09-28
Mack,Deborah,1994-09-29
Grady,Erlinda,1964-03-12
Goldstein,Rosario,2002-08-21
Bland,Virgilio,2015-11-15
Martinez,Ezequiel,2013-09-18
Roy,Elma,1965-04-27
Allison,Walton,1941-02-21
Colon,Shelby,2001-02-03
Leonard,Moises,1969-10-24
Crawford,Johnathan,1960-05-14
Noel,Sam,1961-12-29
Field,Kenton,1984-03-21
Knapp,Stanley,1948-11-16
Armstrong,Vincenzo,1981-06-28
Prince,Phyllis,2001-09-28
Erickson,Lucinda,2008-02-04
Downs,Myron,1994-07-03
Potts,Steve,1951-05-07
Andrade,Ruben,1975-04-11
Palmer,Luisa,1973-12-28
Montoya,Reuben,1973-01-20
Randolph,Shelby,1988-07-01
Mack,Alexandra,1946-10-24
Spence,Elisha,2014-10-20
Fleming,Aubrey,2016-02-05
Starr,Vera,1986-03-18
Willis,Seth,1979-08-29
Morales,Deshawn,1963-03-29
Jefferson,Mohammad,1996-06-20
Gibbs,Garland,1991-02-08
Keith,Staci,1950-04-18
Wade,Arron,1987-12-01
Cannon,Augustus,1951-02-03
Hall,Sammie,1972-05-22
Smart,Loraine,2012-02-13
Lester,Michell,1955-01-14
Law,Latasha,1940-02-18
Law,Roslyn,1989-07-05
Hoover,Deena,1943-08-26
Vincent,Nell,2015-11-05
Snow,Courtney,2012-09-04
Aguilar,Karen,1992-07-23
Dodson,Jenifer,1962-12-07
Bailey,Lindsey,2007-10-22
Davis,Bennett,1978-07-13
Holley,Lesley,1962-03-02
John,Elaine,1942-12-30
Lowery,Alberta,1982-08-12
Blanton,Lauri,1954-08-19
Dodd,Nellie,1993-03-09
Wilkins,Stephen,1958-05-05
Sullivan,Alta,1989-08-25
Rollins,Zackary,1952-09-25
Belcher,Samual,1957-04-16
Mcmillan,Orlando,2017-02-23
Crowley,Emilio,1956-09-27
Donahue,Cletus,1979-08-25
Lloyd,Cruz,1986-12-09
House,Trinidad,1970-05-09
Allen,Sang,1989-02-08
Maddox,Van,2017-05-23
Wade,Mercedes,2011-07-21
Dominguez,Dominique,1987-10-14
Rankin,Alisa,1985-12-29
Slaughter,Liza,1960-11-12
Lowe,Casey,1976-03-28
Mcclure,Lorenzo,2004-12-15
Hess,Edith,1947-03-09
Duran,Daphne,1940-06-20
Potts,Lesley,1987-06-20
Maddox,Chadwick,1996-03-12
Schmidt,Alan,1974-06-14
Lugo,Dan,1951-03-15
Kelley,Tory,1977-04-05
Chavez,Reyes,1962-02-24
Lyons,Tyler,1951-01-23
Cordova,Opal,1942-04-15
Holley,Angelita,2004-06-12
Newton,Jordan,1999-11-02
Rhodes,Antone,1977-12-23
Shelton,Maxine,1959-06-21
Marshall,Lakesha,1980-01-10
Hines,Lazaro,1990-08-28
Clay,Jena,1945-03-18
Alvarado,Tomas,1962-07-15
Coffman,Tabatha,1977-10-27
Kane,Connie,1942-08-25
Griffin,Arthur,1940-07-22
Webb,Latanya,1985-10-21
Langley,Colton,1976-03-25
Horn,May,1982-06-20
Fox,Lelia,1994-03-22
Wooten,Luciano,1966-04-30
Dunn,Manuela,1984-11-27
Edwards,Aron,1995-08-02
James,Aurora,1943-12-05
Bingham,Gabrielle,1966-04-29
Velez,Eddie,1988-04-28
Mcpherson,Pearl,1991-10-22
Ramsey,Lucille,2016-10-08
Gutierrez,Salvatore,1953-12-23
Dudley,Alexandra,1994-10-14
Mcallister,Sherry,1957-11-13
Barry,Cletus,1971-10-07
Davies,Laurie,1970-08-07
King,Muriel,1970-08-02
Petty,Jarrett,1980-04-10
Baldwin,Alexander,2007-08-18
Wilkins,Steve,1973-12-30
Ball,Candida,2011-08-22
Ingram,Myles,1948-11-18
Rodriguez,Connie,1963-10-10
Mcdermott,Matilda,1996-10-11
Hartley,Frank,1964-02-07
Hayes,Renee,1941-09-21
Knowles,Nita,2007-02-28
Little,Ruth,1997-11-07
Witt,Birdie,1945-11-21
Serrano,Iris,1954-09-13
Soto,Vida,1985-09-01
Thompson,Thad,1989-08-12
Richmond,Ronny,1980-03-13
Mccabe,Mollie,1993-06-06
Greene,Sonya,2003-07-07
Day,Bruno,1979-01-01
Ritter,Jaclyn,2015-03-28
Gonzales,Janie,1984-01-09
Gamble,Augusta,1997-09-30
Hale,Earlene,1972-12-25
Reynolds,Eloise,1964-09-01
Patel,Madge,2014-07-02
Erickson,Justine,1977-09-30
Weber,Raymundo,2003-01-30
Estes,Shelia,1950-03-20
David,Tisha,2007-01-20
Gilmore,Delores,1989-07-09
Crane,Darren,1956-10-28
Weaver,Fernando,2009-12-18
Robles,Francisca,1962-10-15
Blue,Odessa,1970-08-16
Alvarado,Rory,1943-03-26
Erickson,Dominique,1979-11-04
Galvan,Jacques,2009-10-19
Sharp,Trevor,1967-04-26
Garrison,Joan,1971-09-22
Barron,Micheal,1990-04-23
Brooks,Anne,2003-12-31
Zuniga,Alvina,1989-07-10
Benton,Rosella,1960-02-04
Ramirez,Leora,1950-06-26
Palmer,Antoinette,1966-11-19
Miles,Foster,1944-02-28
Merrill,Rocco,1980-10-06
Simmons,Leona,1965-05-26
Sharp,Guadalupe,1996-06-12
Boucher,Kieth,1964-09-18
Adams,Eliza,1948-10-24
Dyer,Elvis,1957-05-12
Farley,Brooks,2013-05-28
Mays,Rodolfo,1981-12-20
Raymond,Margie,1984-02-26
Moser,Blake,1971-10-01
Rivera,Estelle,1955-01-20
Montes,Arlene,1976-07-11
Ibarra,Kristy,2004-08-09
Parker,Caleb,2007-08-26
Hensley,Edith,1977-12-19
Monroe,Damien,1992-11-28
Rodgers,Buck,2012-01-13
Curry,Salvatore,1969-07-03
Hudson,Cassie,1999-07-29
Beck,Carmen,1957-10-25
Bunch,Elaine,1980-11-14
Lloyd,Juliet,1969-08-20
Gordon,Thelma,1967-05-15
Lugo,Lora,1954-07-01
Clifton,Gracie,1947-01-06
Mercer,Sanford,2001-05-23
Pennington,Ethan,1989-12-16
Starr,Darrin,2005-10-17
Yoder,Lena,1991-05-29
Mobley,Fidel,1958-04-05
Sims,Genaro,2013-09-29
Neal,Dong,1997-06-07
Mcclure,Luann,1979-07-20
Pickett,Val,1980-12-29
Hampton,Sydney,1980-07-16
Paul,Dottie,1995-12-01
Santiago,Haywood,1946-06-16
Maxwell,Jeanne,1943-01-30
Sargent,Lara,1992-09-03
Todd,Chong,1956-02-20
Gomez,Lori,1979-08-29
Villarreal,Lucy,1996-08-25
Kane,Coy,1948-08-07
Herring,Rodolfo,1985-10-10
Macdonald,Glenn,1989-04-26
Velasquez,Celina,1983-02-07
Blanton,Nona,2011-04-05
Davis,Tina,2017-04-15
Fitzpatrick,Jonathan,1962-06-17
Shaw,Winfred,1947-01-21
Holloway,Danny,1977-08-17
Hinkle,Faustino,1983-11-24
Tillman,Korey,1959-12-31
Shields,Rod,1974-11-05
Morrow,Lucio,1968-06-24
Hastings,Garry,1974-09-06
Bauer,Gretchen,1957-03-28
Pearson,Tiffani,2002-07-16
Mayo,Florence,1963-07-29
Palmer,Delilah,1943-07-26
Roman,Beverly,2011-07-02
Blair,Lenny,1983-09-20
Sanchez,Katherine,1962-06-09
Donahue,Myrna,1942-06-17
Madison,Adelaide,1947-03-01
Morin,Adrian,1944-08-27
Warner,Jo,2014-09-27
Crow,Walker,1984-03-11
Bonner,Isreal,2011-04-08
Haley,Rena,1948-10-22
Chapman,Juana,1978-07-09
Mayo,Brianne,1948-05-16
Barrett,Lula,2002-09-20
Patrick,Sandy,1946-10-11
Stone,Carol,1966-11-18
Cline,Efrain,1988-08-24
Lugo,Ladonna,1996-09-05
Buck,Celina,1942-06-12
Kinney,Nikki,1972-05-26
Spears,Billie,1946-02-25
Potter,Jack,1951-09-27
Combs,Ollie,1990-08-21
Ponce,Paulette,1981-02-27
Berger,Gale,1981-03-30
Hebert,Janelle,1983-11-01
Roman,Jewell,2014-11-28
Rosales,Lelia,1959-12-26
Rankin,Jonah,1964-01-27
Jimenez,Brittany,1956-09-29
Mitchell,Lauretta,1997-01-25
Carpenter,Brittany,1973-06-20
Cardenas,Bennie,1994-12-04
Cantrell,Eula,1957-10-01
Klein,Jarod,1985-10-07
Valentine,Romeo,1969-03-06
Rosales,Marva,1960-03-07
Lee,Selma,1946-10-11
Harper,Frankie,1994-03-31
Vazquez,Traci,1962-11-07
Gates,Levi,1977-09-23
Hardy,Manuel,1974-06-14
Daugherty,Raymond,2008-01-24
Hudson,Wilbur,1990-11-01
Caldwell,Adele,1953-03-18
Bryan,Derick,1941-02-26
Cuevas,Chong,1950-04-18
Richards,Bobby,1970-02-18
Stanton,Karl,1944-12-23
Cooley,Lonnie,1987-06-25
Schneider,Jennie,1972-05-04
Mercado,Rosanne,1967-10-01
Clifton,Ivan,1954-10-11
Mercer,Maxine,1964-09-02
Sharpe,Stanton,1954-03-24
Hays,Rodney,1996-08-07
Coleman,Brigitte,2010-07-18
Chapman,Buford,1971-09-06
Dickinson,Santo,1956-12-25
Holcomb,Lois,1991-10-06
Gary,Donnie,1978-03-23
Moreno,Carlton,1945-07-29
Finch,Wilford,2004-01-10
Bell,Dion,1990-04-14
Hancock,Johnson,1980-12-28
Paul,Ruthie,2016-03-06
Beard,Kasey,1968-02-08
Cross,Donald,1962-04-06
Burch,Maude,1980-07-07
Archer,Petra,1968-03-02
Davies,Roxanne,1957-08-08
Mullins,Leigh,2011-05-20
Blue,Melba,1984-08-13
Skinner,Jayme,1995-09-15
Mayes,Betsy,2015-11-17
Morin,Katy,2006-12-18
Mcallister,Buford,2008-10-19
Terrell,Abigail,1959-12-17
Stanley,Mitch,1946-03-01
Castillo,Randy,1978-07-23
Whaley,Waylon,1940-05-21
Wolfe,Efren,2001-09-02
Soto,Cornelius,1961-02-25
Moore,Jean,1999-11-24
Lott,Cody,1951-10-20
Mckenzie,Rosa,1990-03-26
Calhoun,Tamera,1983-06-23
Short,Doug,1983-08-22
Randolph,Sheila,2017-12-26
Quinn,Jeff,2000-07-20
Holman,Abbie,1967-06-07
French,Von,1948-12-10
Carlson,Florine,1995-03-07
Carey,Alicia,1986-09-28
Chaney,Matilda,1955-05-21
Strong,Shari,1955-10-28
Dudley,Caryn,1981-10-01
Knox,Burt,1950-03-20
Caldwell,Yong,1941-07-12
Copeland,Letitia,1967-02-07
Howe,Dionne,2013-12-30
Gross,Regina,1969-11-08
Estes,Nannie,1976-12-13
Johns,Martina,2005-06-06
Roman,Allie,1976-04-01
Mann,Augusta,1948-01-27
Manning,Olin,1961-01-19
Lugo,Gwendolyn,1977-08-03
Alvarado,Virgil,1993-05-26
Combs,Alonzo,1949-02-11
Erickson,Roosevelt,1975-07-04
Hansen,Doug,1963-03-28
Henry,Lily,1996-04-30
Hays,Daniela,1953-03-29
Hollis,Dominique,2000-11-19
Whaley,Rowena,1958-08-29
Montgomery,Herb,1984-12-08
Barton,Zelda,2006-06-08
Hopper,Alberto,1958-03-29
Wong,Lacey,1957-11-22
Hartman,Lynda,1950-05-23
Long,Christi,1995-08-26
Porter,Vance,1993-08-25
Mcgrath,Stevie,1999-07-07
Sosa,Wilmer,2003-07-26
Magee,Erwin,1970-02-27
Stevenson,Leon,1969-10-18
Townsend,Gussie,1943-10-22
Childs,Nolan,1944-01-18
Krause,Clarissa,1970-08-19
Chang,Herbert,1985-07-09
Boucher,Carmelo,1940-04-28
Cantrell,Elda,1950-05-05
Hays,Bradley,2015-07-23
Ingram,Emilia,2012-04-03
Joyce,Alton,1996-06-09
Covington,Columbus,1964-03-25
Hancock,Wilbert,1953-11-06
Dickson,Trinidad,1968-12-08
Hines,Dee,1952-06-08
George,Hilary,2005-11-13
Camacho,Nick,1999-02-12
Barker,Myles,1976-05-07
Rubio,Reba,1996-02-02
Ingram,Cordell,1950-10-23
Lopez,Rosetta,1943-03-29
Kane,Jamie,1994-02-25
David,Roland,1984-01-29
Walker,Shirley,1944-02-29
Blanchard,Lenard,1985-06-10
Rosa,Dora,1957-07-21
Fuentes,Marlin,1951-04-26
Nolan,Rosalee,1994-07-26
Stephens,Summer,2001-04-01
Preston,Gretchen,2005-09-26
Mckee,Marcia,1957-02-15
Marquez,Israel,1973-09-06
Gilmore,Maureen,1997-04-12
Stewart,Evangelina,2011-12-12
Cameron,Dudley,1995-07-04
Webster,Gayle,1969-05-15
Camp,Stanford,1997-06-01
Burt,Madge,2003-10-30
Glenn,Margot,1997-04-21
Schultz,Lenny,2001-09-21
Thomas,Wyatt,2010-05-16
Roach,Jamie,1948-03-31
Mckee,Alexandria,2000-02-22
Mccarthy,Derek,1990-03-25
Irwin,Sherri,1981-10-12
Marquez,Antonio,1965-06-28
Mcmillan,Leonard,1986-10-16
Sosa,Nigel,1962-10-12
Zuniga,Garry,1996-06-03
Oliver,Gilda,2013-06-26
Logan,Cathrine,1968-12-21
Douglas,Fidel,2017-06-14
Harrison,Francine,1953-04-04
Oconnor,Rickie,1982-01-06
Jamison,Herschel,1942-02-20
Serrano,Gaston,1947-01-11
Mcdermott,Blaine,1978-05-11
Mays,Stewart,1943-01-17
Bond,Barney,1983-09-13
Spencer,Suzanne,2000-09-13
Torres,Patrica,2013-03-25
Anderson,Tana,1979-02-05
Mcintosh,Danial,1960-04-29
Simmons,Orville,1979-08-12
Wade,Kasey,1996-12-24
Battle,Francis,2009-12-08
Hardin,Merrill,1971-01-24
Brown,Dick,2001-05-02
Dyer,Fannie,1959-09-21
Montes,Elmo,1942-06-16
Rios,Jarrod,1978-09-08
Cochran,Landon,1994-02-18
Mcintyre,Alan,1993-01-04
Hyde,Harvey,1953-03-12
Cabrera,Alfonso,1944-02-14
Patel,Bertie,1941-12-10
Witt,Marcelo,1978-09-13
Mora,Jack,1940-06-28
Reid,Cari,1958-12-20
Russo,Olga,1947-10-19
Haas,Benjamin,1990-02-25
Swain,Dillon,1952-05-26
Higgins,Weldon,2013-01-30
Butts,Lawanda,1997-06-01
Fowler,Blaine,1946-04-22
Hardin,Rosetta,2011-12-15
Rubio,Heidi,2001-04-04
Evans,Madelyn,1990-10-28
Keller,Tanisha,1985-01-30
Mayer,Marcelino,1947-08-06
Berg,Fausto,2016-08-26
Mackey,Cari,2005-04-30
Rucker,Angeline,1969-10-30
Keller,Florentino,1986-11-10
Nash,Mia,2013-03-16
Park,Samantha,1975-06-28
Gates,Ferdinand,1968-01-05
Nicholson,Brigitte,1959-09-21
Shaffer,Samual,1972-08-16
Booth,Alfredo,1992-04-23
Mcdowell,Robert,1980-09-15
Sellers,Jannie,1974-09-12
Calderon,Leonardo,1980-12-14
Bowman,Reta,1940-10-09
Mcintosh,Harry,2004-10-21
Howard,Jenny,1992-08-28
Wallace,Dona,1976-03-04
Reed,Susie,1956-02-03
Lang,Tommie,1996-02-14
Ochoa,Marcos,2006-05-18
Price,Barry,2005-11-21
Kim,Issac,1976-12-07
Pickett,Grover,1943-06-15
Hansen,Jonathon,1982-02-11
Blackburn,Fern,1974-05-24
Abbott,Basil,1999-11-13
Anthony,Chang,1944-06-13
Dorsey,Marion,1952-01-09
Sanford,Beatriz,1948-01-10
Ross,Ira,1949-01-16
Hull,Christen,1995-01-01
Zuniga,Stan,1940-07-14
Stevenson,Nan,1992-06-08
Mclaughlin,Oswaldo,1972-06-09
Mullins,Jeanna,2003-04-17
Phillips,Phillip,1982-08-08
Grimes,Dolores,1993-11-25
Pitts,Dominick,1984-07-14
Pace,Keneth,2002-03-05
Ray,Herschel,2014-04-21
Potter,Lucy,1994-05-02
Davenport,Matilde,1960-06-22
Mack,Cristobal,2015-04-17
Chen,Kristi,1972-03-04
Ramirez,Earle,1982-01-30
Becker,Newton,1950-11-16
Anderson,Frederick,1943-05-22
Merrill,Wilber,1963-08-11
Montes,Markus,1985-10-19
Richardson,Miguel,1965-07-24
Parsons,Gayla,1941-09-07
Springer,Ashlee,1956-12-28
Shepherd,Patrica,1997-02-22
Callahan,Alden,1981-02-17
Douglas,Lynn,1958-08-04
Meadows,Michal,1988-12-26
Barber,Isaac,1964-04-12
Downs,Lupe,1990-01-11
Malone,Dorian,1967-03-15
Dorsey,Roslyn,1972-06-01
Hardin,Coleen,1945-02-17
Cochran,Margot,1956-05-07
Monroe,Kerri,1982-07-11
Griffith,Letha,2009-11-17
Dunbar,Dillon,1953-12-28
Armstrong,Penny,1976-06-22
Cooper,Louella,2010-06-30
Browning,Benton,1948-08-05
Mcguire,Nickolas,1971-11-07
Robertson,Fidel,1940-10-20
Yarbrough,Cyril,1966-09-22
Seymour,Elliot,1956-08-14
Gregory,Delores,1976-06-29
Hollis,Sandy,2006-05-26
Sharp,Shonda,2004-03-23
Haley,Leora,1963-04-23
Santos,Janie,1965-04-11
Bennett,Dexter,1995-07-28
Gary,Tracey,1957-10-20
Briggs,Wilbert,1999-08-30
Weaver,Elida,1984-12-18
Oneill,Alex,1965-08-13
Lowery,Earl,1960-11-04
Cline,Coleman,1986-07-12
Hamilton,Brandi,1942-06-02
Bryan,Julie,1964-05-19
Lester,Garret,1969-06-16
Terry,Phoebe,2008-08-30
Sandoval,Cherie,1972-07-28
Alford,Bobbie,1989-02-21
Wills,Jocelyn,2008-03-23
Bean,Martha,1948-10-06
Murphy,Jeanne,1948-07-18
Childress,Suzanne,1953-12-20
Sears,Marguerite,2013-12-04
Small,Nanette,1951-01-20
Klein,Nellie,1969-06-15
Rush,Ariel,1992-04-18
Worley,Carlene,2013-02-06
Numbers,Jame,1974-09-22
Murphy,Kelly,1960-08-02
Webb,Giuseppe,1940-11-12
Wall,Marquis,1947-06-25
Morton,Maryann,1985-10-16
Baker,Leif,1946-01-23
Petersen,Eliseo,1960-05-14
Potts,Antone,2001-10-13
Cohen,Raul,1980-10-05
Ayala,Veda,2017-11-07
Walden,Mohammad,1976-01-28
Nielsen,Buford,2003-09-30
Hughes,Jeffry,1944-07-23
Hogan,Osvaldo,1997-08-23
Boone,Selina,1967-01-29
Doyle,Patrice,1980-12-07
Lawson,Collin,1982-03-18
Weiss,Alvaro,1940-07-13
Crowley,Darnell,1945-12-27
Velez,Elaine,1984-02-27
Velazquez,Jeannette,2006-04-22
Todd,Nan,1955-03-29
Bernard,Long,1990-10-31
Tyler,Jamison,1974-02-07
Roberson,Lawerence,1975-06-17
Cannon,Colin,2005-05-17
Ramirez,Sonia,1949-02-28
Carlson,Opal,1997-11-25
Barnes,Ines,2009-11-07
Mcgee,Guadalupe,1987-01-22
Denton,Pilar,1988-03-28
Landry,Archie,1961-06-04
Holley,Jade,1986-02-20
Aguirre,Bette,2004-03-29
Garza,Jaclyn,1999-04-19
Rodriguez,Karina,2013-09-16
Decker,Carly,1997-09-26
England,Solomon,2012-06-22
Mckenzie,Francis,2013-10-07
Davies,Robyn,2005-12-24
Serrano,Randal,2010-08-09
Gibbons,Jillian,1961-01-03
Gamble,Edmund,1965-04-03
Pugh,Rudolf,2002-11-12
Jacobson,Sonny,2010-04-16
Bradford,Monty,1966-04-28
Cunningham,Tony,2006-08-06
Morrison,Darrel,1948-06-05
Fry,Garret,1969-12-19
Huber,Ina,1944-12-28
Barlow,Douglass,1999-02-23
Goldberg,Zachery,1954-12-21
Mejia,Vivian,1974-01-22
Marks,Willard,2003-06-29
Barrett,Angel,1970-01-21
Guzman,Gena,2013-02-11
Blankenship,Anton,1951-10-13
Willis,Nicholas,2016-05-10
Good,George,2009-03-18
Delaney,Winfred,1963-01-23
Weaver,Sallie,1995-08-04
Bass,Randi,1975-12-27
Fitzpatrick,Marcie,1943-03-11
Ochoa,Arline,1942-03-03
Tracy,Minh,1995-08-29
Cortez,Eric,1976-10-12
Wiggins,Iva,1955-01-09
Valenzuela,Kira,1992-06-04
Walker,Shirley,1954-11-14
Farmer,Robin,1987-02-27
Dyer,Wilber,1941-04-26
Kemp,Lesley,1998-01-04
Sanford,Houston,1945-05-17
Plummer,Claud,1999-10-11
Crawford,Tory,1949-10-28
Atkinson,Rita,2010-02-07
Hicks,Aurora,1999-03-08
Mayfield,Laura,1984-02-15
Rodriguez,Sharlene,1991-03-25
Warner,Sidney,2005-08-21
Ballard,Jess,2006-02-08
Harrington,Kristi,2015-02-16
Obrien,Darrick,1984-09-28
Mayer,Gonzalo,1992-11-25
Navarro,Edgardo,1996-05-18
Lozano,Iona,2004-09-26
Schneider,Lea,1942-06-28
Best,Solomon,1943-07-04
Jefferson,Ronnie,2001-06-06
Day,Maynard,1941-07-02
Giles,Brice,2005-10-15
Harper,Fritz,1954-12-18
Palmer,Selina,1956-10-09
Gross,Kimberley,1957-08-11
Michael,Kristofer,1945-11-04
Clarke,Sang,1974-01-02
Rucker,Douglas,2009-03-07
Britton,Morgan,1970-12-27
Farris,Hollie,2003-01-09
Delacruz,Randolph,1956-03-26
Daniels,Cora,1980-02-11
Crum,Ben,2003-06-18
Ellis,Joey,1990-11-10
Hooper,Abigail,1985-02-16
Curtis,Ralph,2001-10-27
